{
    "Active": {
        "precision": 0.338497580327981,
        "recall": 0.35473638937672486,
        "f1-score": 0.3464267901050918,
        "support": 55802.0
    },
    "Inactive": {
        "precision": 0.33723396474804357,
        "recall": 0.3326779819988817,
        "f1-score": 0.33494048105472474,
        "support": 55441.0
    },
    "Suspended": {
        "precision": 0.33867255651657446,
        "recall": 0.32697201017811706,
        "f1-score": 0.33271944859779,
        "support": 55806.0
    },
    "accuracy": 0.33814030613772006,
    "macro avg": {
        "precision": 0.33813470053086636,
        "recall": 0.3381287938512412,
        "f1-score": 0.33802890658586887,
        "support": 167049.0
    },
    "weighted avg": {
        "precision": 0.3381366599382351,
        "recall": 0.33814030613772006,
        "f1-score": 0.3380354536695676,
        "support": 167049.0
    }
}